                  epoch,             train/loss,  metrics/accuracy_top1,  metrics/accuracy_top5,               val/loss,                 lr/pg0,                 lr/pg1,                 lr/pg2
                      1,                0.66001,                0.86649,                      1,                0.49724,             0.00023375,             0.00023375,             0.00023375
                      2,                0.29732,                0.94503,                      1,                0.39396,             0.00037834,             0.00037834,             0.00037834
                      3,                0.17858,                 0.9712,                      1,                0.36044,             0.00042869,             0.00042869,             0.00042869
                      4,                0.15477,                0.97382,                      1,                 0.3513,             0.00028988,             0.00028988,             0.00028988
                      5,                0.11596,                 0.9712,                      1,                0.35393,             0.00028988,             0.00028988,             0.00028988
